organization,vocabulary,style,development,mechanics,structure,relevance,final_score,total_score,average
-0.05977006050416178,-0.08758007457691952,-0.08283075365863968,-0.041633561099634564,-0.03587384143495376,-0.07186662426747836,-0.01499566241169914,-0.060325910273081984,-0.060325910273081984,-0.05724471094440564
