organization,vocabulary,style,development,mechanics,structure,relevance,final_score,total_score,average
0.08538376990129604,0.22293652715704182,0.1920003382520824,0.03855853259359143,0.18941932648464543,0.09036189902941838,0.0,0.07985012745308817,0.12264167666227455,0.11346135528149315
