organization,vocabulary,style,development,mechanics,structure,relevance,final_score,total_score,average
0.26479118329466367,0.0014218066583928657,0.1797299639216674,0.06143529284516802,0.19497018408089184,0.17609249883299216,0.20677267684505252,0.2064820560181242,0.2064820560181242,0.16646419094611964
