organization,vocabulary,style,development,mechanics,structure,relevance,final_score,total_score,average
0.08677745424753391,0.22074877771080303,0.19124613149750525,0.04554334810831251,0.188538054389487,0.09639514041027686,0.0,0.08827908554627872,0.12581918180032503,0.11592746374561358
