organization,vocabulary,style,development,mechanics,structure,relevance,final_score,total_score,average
-0.006325513355366574,0.0025475144973687858,7.08102462425586e-05,0.02696097151149457,0.010622069043448756,-0.006392222158427607,0.07787262789412275,-0.026615969581748944,0.007401954863572091,0.009571360328967375
