organization,vocabulary,style,development,mechanics,structure,relevance,final_score,total_score,average
0.039408866995073955,0.016543636458824285,0.005926801147245642,0.01559279505332023,0.01446669945559087,0.018012783265543342,0.0061662367079845515,0.006320453508829038,0.014523310722056482,0.0152179537016076
