organization,vocabulary,style,development,mechanics,structure,relevance,final_score,total_score,average
0.10312100748311748,0.17246647428280426,0.1328739287922962,0.044475556351441625,0.10378057820607867,0.16304255137716384,0.17703480405590577,0.16194598476084088,0.16194598476084088,0.13563187445227662
