organization,vocabulary,style,development,mechanics,structure,relevance,final_score,total_score,average
0.006294964028776939,0.004616866265264141,0.006509739442645546,0.009990546328824346,0.006942892986646965,0.0031369815266643064,0.003980804886029143,0.008969957577649179,0.008969957577649179,0.00660141229112775
