organization,vocabulary,style,development,mechanics,structure,relevance,final_score,average
0.006816915281035674,-0.015445879087727654,0.01205795926638964,0.005362443742219725,-0.031192519926425355,0.009743610916147172,-0.043152639087018496,0.0004070220145820924,-0.00692538586009965
