organization,vocabulary,style,development,mechanics,structure,relevance,average
0.023897949297593923,0.008350182496126624,0.005810684161199675,-0.012612356822104598,0.007299332315747309,-0.025916166363315396,0.006099542010333581,0.0018470238707973025
