organization,vocabulary,style,development,mechanics,structure,relevance,final_score,total_score,average
-0.0035567051976397313,-0.033555327868852514,0.0010882661588093034,-0.0021384472113958886,0.04016994978756272,-0.020046293346924093,0.051828931373632314,0.006825807196607747,0.006825807196607747,0.005271332009823067
