organization,vocabulary,style,development,mechanics,structure,relevance,final_score,average
0.05056902523503215,0.03298478279350503,-0.012771070328094325,0.023890431889986297,-0.00835538225873833,0.003061725542300997,-0.01499566241169914,0.017073375614263586,0.011432153259569533
