organization,vocabulary,style,development,mechanics,structure,relevance,average
-0.039857797224311264,0.00824216258646926,0.003860552175947607,-0.06911381053318122,-0.006870872847709375,0.04149685068543907,-0.04233032773608336,-0.014939034699061327
