organization,vocabulary,style,development,mechanics,structure,relevance,average
0.0016299918500406463,0.02866179086776055,0.003966107806021357,0.005997001499250421,-0.0008955093482438947,-0.011764456053173555,-0.007238483432306042,0.002908063312764212
