organization,vocabulary,style,development,mechanics,structure,relevance,average
-0.010488288078312591,-0.0076857716669243015,-0.015117770128906027,-0.006887483563959851,0.043674358858606266,-0.013323592416944363,0.08130028758845775,0.010210248656002412
