organization,vocabulary,style,development,mechanics,structure,relevance,average
0.0691150459308848,-0.0783645655877343,-0.05882352941176472,-0.03149907848440603,-0.007147993985224588,0.05174090643843621,0.0,-0.007854173585686948
