organization,vocabulary,style,development,mechanics,structure,relevance,final_score,total_score,average
0.0010890609874153467,0.058180203186587565,0.035620777709538864,0.0452141797935145,-0.017116944497668873,0.024960998439937487,0.11535968891769277,0.04567232224512341,0.04567232224512341,0.03940584544747383
