organization,vocabulary,style,development,mechanics,structure,relevance,average
0.0627334761169498,0.05211666256460745,0.026213897743908254,0.033411285540052016,0.0434619416797174,0.035608308605341255,0.01977017420359095,0.03904510663630959
