organization,vocabulary,style,development,mechanics,structure,relevance,final_score,average
0.1570267782091822,0.03686037650644913,0.024089149873215088,0.03877752218205721,0.09289731305977922,0.10546827426622818,-0.04783298097251576,0.1259204103582362,0.06665085543532893
