organization,vocabulary,style,development,mechanics,structure,relevance,final_score,average
-0.0036210509184855244,0.030335273169460608,0.0039525691699604515,0.011306923999708451,0.035921658292969005,-0.009062461901085062,0.011372978898328334,0.008182080092192234,0.011048496350381062
