organization,vocabulary,style,development,mechanics,structure,relevance,average
0.1575152000754112,-0.02440537745604976,0.04442274835245319,0.008839779005524906,-0.003418104809496336,0.023046092184368594,0.009240946600286404,0.030748754850356885
