organization,vocabulary,style,development,mechanics,structure,relevance,average
0.015920370267105466,0.0,0.0,0.009948345131050251,0.011190767616716335,0.04502541757443712,0.0,0.01172641436990131
