organization,vocabulary,style,development,mechanics,structure,relevance,final_score,average
0.15243603033444264,0.09235668789808926,0.08497723823975711,0.10294666169339795,0.035346382912681884,0.1720740206681085,0.18048614266242624,0.11834160740641353,0.11737059647691464
