organization,vocabulary,style,development,mechanics,structure,relevance,final_score,average
0.25803973219185605,0.25013733748397726,0.11947119307981069,0.18055673068787537,0.18310610099779112,0.1728321988754069,0.06466835348721689,0.2759067357512953,0.18808979781940371
