organization,vocabulary,style,development,mechanics,structure,relevance,final_score,total_score,average
0.17168893406912578,0.20537897310513442,0.1414859580519019,0.19386545633257213,0.11700411179930259,0.19803217241917848,0.1410541945063103,0.264107684342874,0.264107684342874,0.18852501877436373
