organization,vocabulary,style,development,mechanics,structure,relevance,final_score,total_score,average
0.1436618406964294,-0.037057522123893794,0.051971056003618066,-0.0015217804831653137,-0.03139770425388266,0.015151515151514916,0.02145276627775683,0.11523429407946517,0.03936581915026438,0.03520669827756744
