organization,vocabulary,style,development,mechanics,structure,relevance,final_score,total_score,average
0.09011028966185908,0.043236369416626896,0.012789768185451633,0.055324096502276876,0.06062281649785106,0.035122115169168855,0.0,0.05058717875489893,0.05058717875489893,0.04426442366033692
