organization,vocabulary,style,development,mechanics,structure,relevance,final_score,total_score,average
0.02526446313015851,0.03324122236671001,0.027909303696821208,0.015826191508101828,0.04390334246361682,0.03446635301580592,0.02145276627775683,0.03415486124587619,0.03415486124587619,0.030041484994524834
