organization,vocabulary,style,development,mechanics,structure,relevance,final_score,total_score,average
0.015567489289808556,0.039957567185289755,0.04453905354511212,0.09151076137370373,-0.00016064072701404974,0.034557396626362036,0.030248654191233015,0.0468717507266283,0.0468717507266283,0.03888486477086131
