organization,vocabulary,style,development,mechanics,structure,relevance,final_score,total_score,average
0.00025585262888572213,0.030930311958624834,-0.00030106879421931687,0.09333360170685556,-0.012781037587869415,0.04707337480446727,0.07306521390802756,-0.03417871777019399,0.03333651319498043,0.025637116005506517
