organization,vocabulary,style,development,mechanics,structure,relevance,final_score,total_score,average
0.015436400452310317,0.0,7.273520747708151e-05,0.0,0.012582476599662495,0.013161303694491866,0.0,0.029100959193627096,0.00818628342732397,0.008726684286099204
