organization,vocabulary,style,development,mechanics,structure,relevance,final_score,total_score,average
0.14205455653076415,0.20523591628534998,0.10550458715596334,0.20491181490612553,0.2807104553485633,0.12327478042659967,0.227457609212403,0.28473467665365537,0.28473467665365537,0.20651323035256441
