organization,vocabulary,style,development,mechanics,structure,relevance,average
0.08409901261656616,0.15230875258442456,0.09762805087658988,0.07112869368642016,0.01242744166114751,0.04011091765009356,0.0,0.06538612415360598
