organization,vocabulary,style,development,mechanics,structure,relevance,final_score,average
0.10972861761536201,-0.034830704835936865,-0.00020724314802333943,-0.02419436820168741,-0.00848878268002995,0.0,-0.021937842778793515,0.025391670203539385,0.00568266827180379
