organization,vocabulary,style,development,mechanics,structure,relevance,final_score,average
0.10002825656965253,0.09357864558688445,0.07639419404125303,-0.003715773764200625,0.1109291310698951,0.08704415191786863,-0.0011673530270113197,0.06933727625239905,0.0665535660808426
