organization,vocabulary,style,development,mechanics,structure,relevance,final_score,total_score,average
0.09944440537309251,0.10195331110052397,0.04987102321582115,-0.010171204750774043,0.06479217603911991,0.07281964436917865,-0.07119124617906336,0.04030998751922932,0.04030998751922932,0.04312645380070638
