organization,vocabulary,style,development,mechanics,structure,relevance,final_score,total_score,average
0.15772606938832368,-0.028811973807296498,-0.0405336069779374,0.004736965006505001,-0.02305527820640818,-0.0003077870113881165,-0.026022759717746924,0.0670789459022787,0.0670789459022787,0.019765502275400994
