organization,vocabulary,style,development,mechanics,structure,relevance,final_score,total_score,average
0.01584223771607729,0.016045603293571187,0.0745016547371663,0.015093674751864739,0.06767193821257822,0.007877892663712194,0.0,0.025545592962273767,0.021980512123272122,0.027173234051168425
