organization,vocabulary,style,development,mechanics,structure,relevance,final_score,average
0.09001819963600732,0.12164650556672985,0.031227821149751644,-0.03539823008849563,0.09342105263157907,0.07761599210266534,-0.05282243442523882,0.042058422450298005,0.0459709161279121
