organization,vocabulary,style,development,mechanics,structure,relevance,average
0.010482559190312712,0.009439952588578882,0.10864250026575961,0.0074117867597226494,0.08537828835565231,0.015478164731896116,-0.0028020959029471104,0.03343302228413931
