organization,vocabulary,style,development,mechanics,structure,relevance,final_score,average
0.027072997873848426,0.01603592046183433,0.13546222515127915,0.014669926650366594,0.10756483503335235,-0.004666083406240862,0.0,0.03859698549091417,0.04184210090691927
